name_length_merge,count,mean
1,860,1161374.4406976744
2,2337,432790.79332477535
3,2256,441737.8781028369
4,1776,199160.1998873874
5,1376,259493.95203488372
6,835,372406.0347305389
7,564,456214.18262411345
8,470,818076.3680851064
9,229,504270.51091703057
10+,137,210458.14598540147
